<?xml version="1.0"?>
<doc>
    <assembly>
        <name>ChilliSource.Core</name>
    </assembly>
    <members>
        <member name="T:ChilliSource.Core.CanBeNullAttribute">
            <summary>
            Indicates that the value of the marked element could be <c>null</c> sometimes,
            so the check for <c>null</c> is necessary before its usage.
            </summary>
            <example><code>
            [CanBeNull] object Test() => null;
            
            void UseTest() {
              var p = Test();
              var s = p.ToString(); // Warning: Possible 'System.NullReferenceException'
            }
            </code></example>
        </member>
        <member name="T:ChilliSource.Core.NotNullAttribute">
            <summary>
            Indicates that the value of the marked element could never be <c>null</c>.
            </summary>
            <example><code>
            [NotNull] object Foo() {
              return null; // Warning: Possible 'null' assignment
            }
            </code></example>
        </member>
        <member name="T:ChilliSource.Core.ItemNotNullAttribute">
            <summary>
            Can be appplied to symbols of types derived from IEnumerable as well as to symbols of Task
            and Lazy classes to indicate that the value of a collection item, of the Task.Result property
            or of the Lazy.Value property can never be null.
            </summary>
        </member>
        <member name="T:ChilliSource.Core.ItemCanBeNullAttribute">
            <summary>
            Can be appplied to symbols of types derived from IEnumerable as well as to symbols of Task
            and Lazy classes to indicate that the value of a collection item, of the Task.Result property
            or of the Lazy.Value property can be null.
            </summary>
        </member>
        <member name="T:ChilliSource.Core.ImplicitNotNullAttribute">
            <summary>
            Implicitly apply [NotNull]/[ItemNotNull] annotation to all the of type members and parameters
            in particular scope where this annotation is used (type declaration or whole assembly).
            </summary>
        </member>
        <member name="T:ChilliSource.Core.StringFormatMethodAttribute">
            <summary>
            Indicates that the marked method builds string by format pattern and (optional) arguments.
            Parameter, which contains format string, should be given in constructor. The format string
            should be in <see cref="M:System.String.Format(System.IFormatProvider,System.String,System.Object[])"/>-like form.
            </summary>
            <example><code>
            [StringFormatMethod("message")]
            void ShowError(string message, params object[] args) { /* do something */ }
            
            void Foo() {
              ShowError("Failed: {0}"); // Warning: Non-existing argument in format string
            }
            </code></example>
        </member>
        <member name="M:ChilliSource.Core.StringFormatMethodAttribute.#ctor(System.String)">
            <param name="formatParameterName">
            Specifies which parameter of an annotated method should be treated as format-string
            </param>
        </member>
        <member name="T:ChilliSource.Core.ValueProviderAttribute">
            <summary>
            For a parameter that is expected to be one of the limited set of values.
            Specify fields of which type should be used as values for this parameter.
            </summary>
        </member>
        <member name="T:ChilliSource.Core.InvokerParameterNameAttribute">
            <summary>
            Indicates that the function argument should be string literal and match one
            of the parameters of the caller function. For example, ReSharper annotates
            the parameter of <see cref="T:System.ArgumentNullException"/>.
            </summary>
            <example><code>
            void Foo(string param) {
              if (param == null)
                throw new ArgumentNullException("par"); // Warning: Cannot resolve symbol
            }
            </code></example>
        </member>
        <member name="T:ChilliSource.Core.NotifyPropertyChangedInvocatorAttribute">
             <summary>
             Indicates that the method is contained in a type that implements
             <c>System.ComponentModel.INotifyPropertyChanged</c> interface and this method
             is used to notify that some property value changed.
             </summary>
             <remarks>
             The method should be non-static and conform to one of the supported signatures:
             <list>
             <item><c>NotifyChanged(string)</c></item>
             <item><c>NotifyChanged(params string[])</c></item>
             <item><c>NotifyChanged{T}(Expression{Func{T}})</c></item>
             <item><c>NotifyChanged{T,U}(Expression{Func{T,U}})</c></item>
             <item><c>SetProperty{T}(ref T, T, string)</c></item>
             </list>
             </remarks>
             <example><code>
             public class Foo : INotifyPropertyChanged {
               public event PropertyChangedEventHandler PropertyChanged;
             
               [NotifyPropertyChangedInvocator]
               protected virtual void NotifyChanged(string propertyName) { ... }
            
               string _name;
             
               public string Name {
                 get { return _name; }
                 set { _name = value; NotifyChanged("LastName"); /* Warning */ }
               }
             }
             </code>
             Examples of generated notifications:
             <list>
             <item><c>NotifyChanged("Property")</c></item>
             <item><c>NotifyChanged(() =&gt; Property)</c></item>
             <item><c>NotifyChanged((VM x) =&gt; x.Property)</c></item>
             <item><c>SetProperty(ref myField, value, "Property")</c></item>
             </list>
             </example>
        </member>
        <member name="T:ChilliSource.Core.ContractAnnotationAttribute">
            <summary>
            Describes dependency between method input and output.
            </summary>
            <syntax>
            <p>Function Definition Table syntax:</p>
            <list>
            <item>FDT      ::= FDTRow [;FDTRow]*</item>
            <item>FDTRow   ::= Input =&gt; Output | Output &lt;= Input</item>
            <item>Input    ::= ParameterName: Value [, Input]*</item>
            <item>Output   ::= [ParameterName: Value]* {halt|stop|void|nothing|Value}</item>
            <item>Value    ::= true | false | null | notnull | canbenull</item>
            </list>
            If method has single input parameter, it's name could be omitted.<br/>
            Using <c>halt</c> (or <c>void</c>/<c>nothing</c>, which is the same)
            for method output means that the methos doesn't return normally.<br/>
            <c>canbenull</c> annotation is only applicable for output parameters.<br/>
            You can use multiple <c>[ContractAnnotation]</c> for each FDT row,
            or use single attribute with rows separated by semicolon.<br/>
            </syntax>
            <examples><list>
            <item><code>
            [ContractAnnotation("=> halt")]
            public void TerminationMethod()
            </code></item>
            <item><code>
            [ContractAnnotation("halt &lt;= condition: false")]
            public void Assert(bool condition, string text) // regular assertion method
            </code></item>
            <item><code>
            [ContractAnnotation("s:null => true")]
            public bool IsNullOrEmpty(string s) // string.IsNullOrEmpty()
            </code></item>
            <item><code>
            // A method that returns null if the parameter is null,
            // and not null if the parameter is not null
            [ContractAnnotation("null => null; notnull => notnull")]
            public object Transform(object data) 
            </code></item>
            <item><code>
            [ContractAnnotation("s:null=>false; =>true,result:notnull; =>false, result:null")]
            public bool TryParse(string s, out Person result)
            </code></item>
            </list></examples>
        </member>
        <member name="T:ChilliSource.Core.LocalizationRequiredAttribute">
            <summary>
            Indicates that marked element should be localized or not.
            </summary>
            <example><code>
            [LocalizationRequiredAttribute(true)]
            class Foo {
              string str = "my string"; // Warning: Localizable string
            }
            </code></example>
        </member>
        <member name="T:ChilliSource.Core.CannotApplyEqualityOperatorAttribute">
            <summary>
            Indicates that the value of the marked type (or its derivatives)
            cannot be compared using '==' or '!=' operators and <c>Equals()</c>
            should be used instead. However, using '==' or '!=' for comparison
            with <c>null</c> is always permitted.
            </summary>
            <example><code>
            [CannotApplyEqualityOperator]
            class NoEquality { }
            
            class UsesNoEquality {
              void Test() {
                var ca1 = new NoEquality();
                var ca2 = new NoEquality();
                if (ca1 != null) { // OK
                  bool condition = ca1 == ca2; // Warning
                }
              }
            }
            </code></example>
        </member>
        <member name="T:ChilliSource.Core.BaseTypeRequiredAttribute">
            <summary>
            When applied to a target attribute, specifies a requirement for any type marked
            with the target attribute to implement or inherit specific type or types.
            </summary>
            <example><code>
            [BaseTypeRequired(typeof(IComponent)] // Specify requirement
            class ComponentAttribute : Attribute { }
            
            [Component] // ComponentAttribute requires implementing IComponent interface
            class MyComponent : IComponent { }
            </code></example>
        </member>
        <member name="T:ChilliSource.Core.UsedImplicitlyAttribute">
            <summary>
            Indicates that the marked symbol is used implicitly (e.g. via reflection, in external library),
            so this symbol will not be marked as unused (as well as by other usage inspections).
            </summary>
        </member>
        <member name="T:ChilliSource.Core.MeansImplicitUseAttribute">
            <summary>
            Should be used on attributes and causes ReSharper to not mark symbols marked with such attributes
            as unused (as well as by other usage inspections)
            </summary>
        </member>
        <member name="F:ChilliSource.Core.ImplicitUseKindFlags.Access">
            <summary>Only entity marked with attribute considered used.</summary>
        </member>
        <member name="F:ChilliSource.Core.ImplicitUseKindFlags.Assign">
            <summary>Indicates implicit assignment to a member.</summary>
        </member>
        <member name="F:ChilliSource.Core.ImplicitUseKindFlags.InstantiatedWithFixedConstructorSignature">
            <summary>
            Indicates implicit instantiation of a type with fixed constructor signature.
            That means any unused constructor parameters won't be reported as such.
            </summary>
        </member>
        <member name="F:ChilliSource.Core.ImplicitUseKindFlags.InstantiatedNoFixedConstructorSignature">
            <summary>Indicates implicit instantiation of a type.</summary>
        </member>
        <member name="T:ChilliSource.Core.ImplicitUseTargetFlags">
            <summary>
            Specify what is considered used implicitly when marked
            with <see cref="T:ChilliSource.Core.MeansImplicitUseAttribute"/> or <see cref="T:ChilliSource.Core.UsedImplicitlyAttribute"/>.
            </summary>
        </member>
        <member name="F:ChilliSource.Core.ImplicitUseTargetFlags.Members">
            <summary>Members of entity marked with attribute are considered used.</summary>
        </member>
        <member name="F:ChilliSource.Core.ImplicitUseTargetFlags.WithMembers">
            <summary>Entity marked with attribute and all its members considered used.</summary>
        </member>
        <member name="T:ChilliSource.Core.PublicAPIAttribute">
            <summary>
            This attribute is intended to mark publicly available API
            which should not be removed and so is treated as used.
            </summary>
        </member>
        <member name="T:ChilliSource.Core.InstantHandleAttribute">
            <summary>
            Tells code analysis engine if the parameter is completely handled when the invoked method is on stack.
            If the parameter is a delegate, indicates that delegate is executed while the method is executed.
            If the parameter is an enumerable, indicates that it is enumerated while the method is executed.
            </summary>
        </member>
        <member name="T:ChilliSource.Core.PureAttribute">
            <summary>
            Indicates that a method does not make any observable state changes.
            The same as <c>System.Diagnostics.Contracts.PureAttribute</c>.
            </summary>
            <example><code>
            [Pure] int Multiply(int x, int y) => x * y;
            
            void M() {
              Multiply(123, 42); // Waring: Return value of pure method is not used
            }
            </code></example>
        </member>
        <member name="T:ChilliSource.Core.MustUseReturnValueAttribute">
            <summary>
            Indicates that the return value of method invocation must be used.
            </summary>
        </member>
        <member name="T:ChilliSource.Core.ProvidesContextAttribute">
            <summary>
            Indicates the type member or parameter of some type, that should be used instead of all other ways
            to get the value that type. This annotation is useful when you have some "context" value evaluated
            and stored somewhere, meaning that all other ways to get this value must be consolidated with existing one.
            </summary>
            <example><code>
            class Foo {
              [ProvidesContext] IBarService _barService = ...;
            
              void ProcessNode(INode node) {
                DoSomething(node, node.GetGlobalServices().Bar);
                //              ^ Warning: use value of '_barService' field
              }
            }
            </code></example>
        </member>
        <member name="T:ChilliSource.Core.PathReferenceAttribute">
            <summary>
            Indicates that a parameter is a path to a file or a folder within a web project.
            Path can be relative or absolute, starting from web root (~).
            </summary>
        </member>
        <member name="T:ChilliSource.Core.CollectionAccessAttribute">
            <summary>
            Indicates how method, constructor invocation or property access
            over collection type affects content of the collection.
            </summary>
        </member>
        <member name="F:ChilliSource.Core.CollectionAccessType.None">
            <summary>Method does not use or modify content of the collection.</summary>
        </member>
        <member name="F:ChilliSource.Core.CollectionAccessType.Read">
            <summary>Method only reads content of the collection but does not modify it.</summary>
        </member>
        <member name="F:ChilliSource.Core.CollectionAccessType.ModifyExistingContent">
            <summary>Method can change content of the collection but does not add new elements.</summary>
        </member>
        <member name="F:ChilliSource.Core.CollectionAccessType.UpdatedContent">
            <summary>Method can add new elements to the collection.</summary>
        </member>
        <member name="T:ChilliSource.Core.AssertionMethodAttribute">
            <summary>
            Indicates that the marked method is assertion method, i.e. it halts control flow if
            one of the conditions is satisfied. To set the condition, mark one of the parameters with 
            <see cref="T:ChilliSource.Core.AssertionConditionAttribute"/> attribute.
            </summary>
        </member>
        <member name="T:ChilliSource.Core.AssertionConditionAttribute">
            <summary>
            Indicates the condition parameter of the assertion method. The method itself should be
            marked by <see cref="T:ChilliSource.Core.AssertionMethodAttribute"/> attribute. The mandatory argument of
            the attribute is the assertion type.
            </summary>
        </member>
        <member name="T:ChilliSource.Core.AssertionConditionType">
            <summary>
            Specifies assertion type. If the assertion method argument satisfies the condition,
            then the execution continues. Otherwise, execution is assumed to be halted.
            </summary>
        </member>
        <member name="F:ChilliSource.Core.AssertionConditionType.IS_TRUE">
            <summary>Marked parameter should be evaluated to true.</summary>
        </member>
        <member name="F:ChilliSource.Core.AssertionConditionType.IS_FALSE">
            <summary>Marked parameter should be evaluated to false.</summary>
        </member>
        <member name="F:ChilliSource.Core.AssertionConditionType.IS_NULL">
            <summary>Marked parameter should be evaluated to null value.</summary>
        </member>
        <member name="F:ChilliSource.Core.AssertionConditionType.IS_NOT_NULL">
            <summary>Marked parameter should be evaluated to not null value.</summary>
        </member>
        <member name="T:ChilliSource.Core.TerminatesProgramAttribute">
            <summary>
            Indicates that the marked method unconditionally terminates control flow execution.
            For example, it could unconditionally throw exception.
            </summary>
        </member>
        <member name="T:ChilliSource.Core.LinqTunnelAttribute">
            <summary>
            Indicates that method is pure LINQ method, with postponed enumeration (like Enumerable.Select,
            .Where). This annotation allows inference of [InstantHandle] annotation for parameters
            of delegate type by analyzing LINQ method chains.
            </summary>
        </member>
        <member name="T:ChilliSource.Core.NoEnumerationAttribute">
            <summary>
            Indicates that IEnumerable, passed as parameter, is not enumerated.
            </summary>
        </member>
        <member name="T:ChilliSource.Core.RegexPatternAttribute">
            <summary>
            Indicates that parameter is regular expression pattern.
            </summary>
        </member>
        <member name="T:ChilliSource.Core.XamlItemsControlAttribute">
            <summary>
            XAML attribute. Indicates the type that has <c>ItemsSource</c> property and should be treated
            as <c>ItemsControl</c>-derived type, to enable inner items <c>DataContext</c> type resolve.
            </summary>
        </member>
        <member name="T:ChilliSource.Core.XamlItemBindingOfItemsControlAttribute">
            <summary>
            XAML attribute. Indicates the property of some <c>BindingBase</c>-derived type, that
            is used to bind some item of <c>ItemsControl</c>-derived type. This annotation will
            enable the <c>DataContext</c> type resolve for XAML bindings for such properties.
            </summary>
            <remarks>
            Property should have the tree ancestor of the <c>ItemsControl</c> type or
            marked with the <see cref="T:ChilliSource.Core.XamlItemsControlAttribute"/> attribute.
            </remarks>
        </member>
        <member name="T:ChilliSource.Core.NoReorder">
            <summary>
            Prevents the Member Reordering feature from tossing members of the marked class.
            </summary>
            <remarks>
            The attribute must be mentioned in your member reordering patterns
            </remarks>
        </member>
        <member name="T:ChilliSource.Core.DescriptionAttribute">
            <summary>
            Specifies a description for a property or event
            </summary>
        </member>
        <member name="F:ChilliSource.Core.DescriptionAttribute.Default">
            <summary>
            Specifies the default value for the <see cref='!:System.ComponentModel.DescriptionAttribute'/> , which is an
            empty string (""). This <see langword='static'/> field is read-only.
            </summary>
        </member>
        <member name="M:ChilliSource.Core.DescriptionAttribute.#ctor">
            <summary>
            [To be supplied.]
            </summary>
        </member>
        <member name="M:ChilliSource.Core.DescriptionAttribute.#ctor(System.String)">
            <summary>
            Initializes a new instance of the <see cref='!:System.ComponentModel.DescriptionAttribute'/> class.
            </summary>
        </member>
        <member name="P:ChilliSource.Core.DescriptionAttribute.Description">
            <summary>
            Gets the description stored in this attribute.
            </summary>
        </member>
        <member name="P:ChilliSource.Core.DescriptionAttribute.DescriptionValue">
            <summary>
            Read/Write property that directly modifies the string stored
            in the description attribute. The default implementation
            of the Description property simply returns this value.
            </summary>
        </member>
        <member name="T:ChilliSource.Core.IActivityIndicator">
            <summary>
            Contract for implementation independent display of a waiting/busy indicator
            </summary>
        </member>
        <member name="T:ChilliSource.Core.IEnvironmentInformation">
            <summary>
            Contract for providing app and platform info for logging and API communication
            </summary>
        </member>
        <member name="T:ChilliSource.Core.ILogger">
            <summary>
            Contract for implementation independant logging of information, errors, warnings
            </summary>
        </member>
        <member name="T:ChilliSource.Core.ObservableRangeCollection`1">
            <summary> 
            Represents a dynamic data collection that provides notifications when items get added, removed, or when the whole list is refreshed. 
            </summary> 
            <typeparam name="T"></typeparam> 
        </member>
        <member name="M:ChilliSource.Core.ObservableRangeCollection`1.#ctor">
            <summary> 
            Initializes a new instance of the System.Collections.ObjectModel.ObservableCollection(Of T) class. 
            </summary> 
        </member>
        <member name="M:ChilliSource.Core.ObservableRangeCollection`1.#ctor(System.Collections.Generic.IEnumerable{`0})">
            <summary> 
            Initializes a new instance of the System.Collections.ObjectModel.ObservableCollection(Of T) class that contains elements copied from the specified collection. 
            </summary> 
            <param name="collection">collection: The collection from which the elements are copied.</param> 
            <exception cref="T:System.ArgumentNullException">The collection parameter cannot be null.</exception> 
        </member>
        <member name="M:ChilliSource.Core.ObservableRangeCollection`1.AddRange(System.Collections.Generic.IEnumerable{`0},System.Collections.Specialized.NotifyCollectionChangedAction)">
            <summary> 
            Adds the elements of the specified collection to the end of the ObservableCollection(Of T). 
            </summary> 
        </member>
        <member name="M:ChilliSource.Core.ObservableRangeCollection`1.RemoveRange(System.Collections.Generic.IEnumerable{`0})">
            <summary> 
            Removes the first occurence of each item in the specified collection from ObservableCollection(Of T). 
            </summary> 
        </member>
        <member name="M:ChilliSource.Core.ObservableRangeCollection`1.Replace(`0)">
            <summary> 
            Clears the current collection and replaces it with the specified item. 
            </summary> 
        </member>
        <member name="M:ChilliSource.Core.ObservableRangeCollection`1.ReplaceRange(System.Collections.Generic.IEnumerable{`0})">
            <summary> 
            Clears the current collection and replaces it with the specified collection. 
            </summary> 
        </member>
        <member name="M:ChilliSource.Core.ObservableRangeCollection`1.InsertRange(System.Int32,System.Collections.Generic.IEnumerable{`0})">
            <summary> 
            Inserts the specified collection at the specified index in the original collection
            </summary> 
        </member>
        <!-- Badly formed XML comment ignored for member "T:ChilliSource.Core.Option" -->
        <member name="T:ChilliSource.Core.Option`1">
            <summary>
            Functional programming inspired implementation of optionals, allowing the distinction 
            betweeb 3 states of a variable: no value, value, empty value
            </summary>
        </member>
        <member name="F:ChilliSource.Core.Option`1.None">
            <summary>
            Option None of T
            </summary>
        </member>
        <member name="P:ChilliSource.Core.Option`1.IsNone">
            <summary>
            true if the Option is in a None state
            </summary>
        </member>
        <member name="M:ChilliSource.Core.Option`1.IfSome(System.Action{`0})">
            <summary>
            Invokes the someHandler if Option is in the Some state, otherwise nothing
            happens.
            </summary>
        </member>
        <member name="M:ChilliSource.Core.Option`1.IfSome(System.Func{`0,ChilliSource.Core.Unit})">
            <summary>
            Invokes the someHandler if Option is in the Some state, otherwise nothing
            happens.
            </summary>
        </member>
        <member name="M:ChilliSource.Core.Option`1.IfSome``1(System.Func{`0,``0})">
            <summary>
            Invokes the someHandler if Option is in the Some state, otherwise nothing
            happens.
            </summary>
        </member>
        <member name="T:ChilliSource.Core.OptionExtenssions">
            <summary>
            Functional query extensions for <see cref="T:ChilliSource.Mobile.Core.Optional"/>
            </summary>
        </member>
        <member name="T:ChilliSource.Core.Some`1">
            <summary>
            Represents a concrete value in a given <see cref="T:ChilliSource.Mobile.Core.Optional"/>
            </summary>
        </member>
        <member name="T:ChilliSource.Core.SomeExtensions">
            <summary>
            Functional query extensions for <see cref="T:ChilliSource.Mobile.Core.Some"/>
            </summary>
        </member>
        <member name="M:ChilliSource.Core.SomeExtensions.ToSome``1(``0)">
            <summary>
            Convert value to Some T.  Helps with the lack of covariance of generic
            parameters in structs (and therefore Some T)
            </summary>
            <typeparam name="T">Value type</typeparam>
            <param name="value">Value</param>
            <returns>Value wrapped in a Some T</returns>
        </member>
        <member name="T:ChilliSource.Core.Unit">
            <summary>
            A unit type is a type that allows only one value (and thus can hold no information)
            </summary>
        </member>
        <member name="M:ChilliSource.Core.Unit.Return``1(``0)">
            <summary>
            Provide an alternative value to unit
            </summary>
            <typeparam name="T">Alternative value type</typeparam>
            <param name="anything">Alternative value</param>
            <returns>Alternative value</returns>
        </member>
        <member name="M:ChilliSource.Core.Unit.Return``1(System.Func{``0})">
            <summary>
            Provide an alternative value to unit
            </summary>
            <typeparam name="T">Alternative value type</typeparam>
            <param name="anything">Alternative value</param>
            <returns>Alternative value</returns>
        </member>
        <member name="T:ChilliSource.Core.EnvironmentInformation">
            <summary>
            Stores app and platform info for logging and API communication
            </summary>
        </member>
        <member name="T:ChilliSource.Core.ObservableObject">
            <summary>
            Observable object with INotifyPropertyChanged implemented
            </summary>
        </member>
        <member name="M:ChilliSource.Core.ObservableObject.SetProperty``1(``0@,``0,System.String,System.Action)">
            <summary>
            Sets the property.
            </summary>
            <returns><c>true</c>, if property was set, <c>false</c> otherwise.</returns>
            <param name="backingStore">Backing store.</param>
            <param name="value">Value.</param>
            <param name="propertyName">Property name.</param>
            <param name="onChanged">On changed.</param>
            <typeparam name="T">The 1st type parameter.</typeparam>
        </member>
        <member name="E:ChilliSource.Core.ObservableObject.PropertyChanged">
            <summary>
            Occurs when property changed.
            </summary>
        </member>
        <member name="M:ChilliSource.Core.ObservableObject.OnPropertyChanged(System.String)">
            <summary>
            Raises the property changed event.
            </summary>
            <param name="propertyName">Property name.</param>
        </member>
        <member name="T:ChilliSource.Core.IOperationResult">
            <summary>
            Contract for <see cref="T:ChilliSource.Mobile.Core.OperationResult"/>
            </summary>
        </member>
        <member name="T:ChilliSource.Core.IServiceResult">
            <summary>
            Contract for <see cref="T:ChilliSource.Mobile.Core.ServiceResult"/>
            </summary>
        </member>
        <member name="T:ChilliSource.Core.OperationResult">
            <summary>
            Represents all the different possible outcomes and any relevant error descriptors
            of a conceptual operation which is typically implemented as a method.
            Use this class as the return type of methods that can have multiple outcomes, 
            e.g. failed, successful etc.
            </summary>
        </member>
        <member name="T:ChilliSource.Core.OperationResult`1">
            <summary>
            Generic version of <see cref="T:ChilliSource.Mobile.Core.OperationResult"/> that also acts
            as a wrapper for a method's return type
            </summary>
        </member>
        <member name="T:ChilliSource.Core.OperationResultAsyncExtensions">
            <summary>
            Functional async extensions for handling the various outcome 
            states of <see cref="T:ChilliSource.Mobile.Core.OperationResult"/>
            </summary>
        </member>
        <member name="T:ChilliSource.Core.OperationResultExtensions">
            <summary>
            Functional extensions for handling the various outcome 
            states of <see cref="T:ChilliSource.Mobile.Core.OperationResult"/>
            </summary>
        </member>
        <member name="T:ChilliSource.Core.ServiceResult">
            <summary>
            Represents all the different possible outcomes and any relevant error descriptors
            of a web service operation. Use this class as the return type of methods that perform
            web API calls.
            Based on <see cref="T:ChilliSource.Mobile.Core.OperationResult"/> 
            </summary>
        </member>
        <member name="T:ChilliSource.Core.ServiceResult`1">
            <summary>
            Generic version of <see cref="T:ChilliSource.Mobile.Core.ServiceResult"/> that also acts
            as a wrapper for a method's return type
            </summary>
        </member>
        <member name="T:ChilliSource.Core.ServiceResultAsyncExtensions">
            <summary>
            Functional async extensions for handling the various outcome 
            states of <see cref="T:ChilliSource.Mobile.Core.ServiceResult"/>
            </summary>
        </member>
        <member name="T:ChilliSource.Core.ServiceResultExtensions">
            <summary>
            Functional extensions for handling the various outcome 
            states of <see cref="T:ChilliSource.Mobile.Core.ServiceResult"/>
            </summary>
        </member>
        <member name="T:ChilliSource.Core.Orientation">
            <summary>
            Represents platform independent orientations
            </summary>
        </member>
        <member name="M:ChilliSource.Core.ByteArrayExtensions.ToHexString(System.Byte[])">
            <summary>
            Builds a hexadecimal string representing the provided <paramref name="bytes" />
            </summary>
            <returns>The hex string.</returns>
            <param name="bytes">Byte data</param>
        </member>
        <member name="M:ChilliSource.Core.DateTimeExtensions.ChangeTime(System.DateTime,System.Int32,System.Int32,System.Int32)">
            <summary>
            Returns a new DateTime instance that has the date of <paramref name="dateTime"/>
            and the time as specified by <paramref name="hours"/>, <paramref name="minutes"/>, and <paramref name="seconds"/>
            </summary>
            <returns>The combined DateTime</returns>
            <param name="dateTime">Original date</param>
            <param name="hours">New hours value</param>
            <param name="minutes">New minutes value</param>
            <param name="seconds">New seconds value</param>
        </member>
        <member name="M:ChilliSource.Core.DateTimeExtensions.RemoveTimeZone(System.DateTime)">
            <summary>
            Returns a DateTime instance based on <paramref name="dateTime"/> with its DateTimeKind set to Unspecified
            </summary>
            <returns>Timezone independent DateTime instance</returns>
            <param name="dateTime">Original DateTime instance</param>
        </member>
        <member name="M:ChilliSource.Core.EnumExtensions.GetAttributeOfType``1(System.Enum)">
            <summary>
            Returns the Enum attribute with type T of the provided Enum item <paramref name="value"/>
            </summary>
            <returns>The attribute.</returns>
            <param name="value">Enum item</param>
            <typeparam name="T">The type of the attribute to return</typeparam>
        </member>
        <!-- Badly formed XML comment ignored for member "M:ChilliSource.Core.EnumExtensions.GetValues``1" -->
        <member name="M:ChilliSource.Core.StringExtensions.ToStream(System.String,System.Text.Encoding)">
            <summary>
            Returns a MemoryStream with the bytes representing the <paramref name="inputString"/> encoded as <paramref name="encoding"/>
            </summary>
            <returns>The stream.</returns>
            <param name="inputString">Input string.</param>
            <param name="encoding">Encoding. Default is UTF8</param>
        </member>
        <member name="M:ChilliSource.Core.TaskExtensions.Forget(System.Threading.Tasks.Task)">
            <summary>
            Source: StackOverflow (http://stackoverflow.com/questions/22864367/fire-and-forget-approach)
            Author: Stephen Cleary (http://stackoverflow.com/users/263693/stephen-cleary)
            Consumes a task and doesn't do anything with it. Useful for fire-and-forget calls to asynchronous methods within asynchronous methods.
            </summary>
            <param name="task">the extended Task</param>
        </member>
        <member name="M:ChilliSource.Core.TaskExtensions.Forget(System.Threading.Tasks.Task,System.Type[])">
            <summary>
            Source: StackOverflow (http://stackoverflow.com/questions/22864367/fire-and-forget-approach)
            Author: Stephen Cleary (http://stackoverflow.com/users/263693/stephen-cleary)
            Consumes a task and doesn't do anything with it. Useful for fire-and-forget calls to asynchronous methods within asynchronous methods.
            </summary>
            <param name="task">Task.</param>
            <param name="acceptableExceptions">Acceptable exceptions that will be ignored in case an exception occurs.</param>
        </member>
    </members>
</doc>
